Model,Accuracy,Precision (Macro),Precision (Weighted),Recall (Macro),Recall (Weighted),F1 Score (Macro),F1 Score (Weighted),ROC AUC,Training Time (s)
Statistical Baseline (Rating-based),0.6040609137055838,0.4979573512285229,0.6185803196048842,0.49687623906180095,0.6040609137055838,0.4965861184042602,0.6109419586882086,0.3566301782641415,0.07642197608947754
Random Forest Classifier,0.6477157360406092,0.4331677222791115,0.5806796643781962,0.48092388158438765,0.6477157360406092,0.45492450638792103,0.6112015069244239,0.6922590271038497,0.2510831356048584
Logistic Regression,0.649746192893401,0.432890440576257,0.5811148715274757,0.48389908762645056,0.649746192893401,0.4569734054710172,0.6135140037523038,0.7019267858109005,0.59189772605896
